date,open,high,low,close,adjClose,volume
2020-08-06,30.04,30.11,29.08,29.5,25.85,15355605
2020-08-07,29.0,29.35,28.44,28.87,25.3,14680463
2020-08-10,29.33,29.93,28.63,28.72,25.17,15880403
2020-08-11,27.1,27.57,25.87,26.25,23.0,36281611
2020-08-12,26.97,27.05,26.06,26.18,22.94,21894052
2020-08-13,26.61,27.44,26.5,27.14,23.78,15115069
2020-08-14,27.13,27.24,26.55,26.99,23.65,12635471
2020-08-17,29.62,30.27,29.3,30.13,26.4,53950489
2020-08-18,31.2,31.22,29.74,30.04,26.33,39322062
2020-08-19,30.05,30.32,28.8,28.98,25.4,31732561
2020-08-20,29.07,29.99,28.91,29.95,26.25,22129818
2020-08-21,29.71,29.78,28.94,29.31,25.69,16352215
2020-08-24,29.78,29.82,28.93,28.97,25.39,16811994
2020-08-25,28.84,28.94,28.12,28.75,25.19,17442932
2020-08-26,28.44,29.39,28.39,29.37,25.74,17248140
2020-08-27,29.86,29.9,28.31,28.58,25.05,23211038
2020-08-28,29.21,29.55,29.05,29.2,25.66,19533837
2020-08-31,29.48,29.98,29.28,29.65,26.06,14248135
2020-09-01,30.27,30.33,28.98,29.33,25.78,17080762
2020-09-02,29.17,29.65,28.6,29.61,26.02,16837222
2020-09-03,29.33,29.69,28.59,29.26,25.71,17762291
2020-09-04,28.98,29.3,28.08,29.05,25.53,21446420
2020-09-08,28.53,29.84,28.25,29.2,25.66,17738408
2020-09-09,29.51,30.6,29.45,30.46,26.77,20488817
2020-09-10,30.78,30.87,29.97,30.11,26.46,16170324
2020-09-11,30.3,30.58,29.61,29.75,26.14,12573917
2020-09-14,30.03,30.3,29.42,29.93,26.3,15620160
2020-09-15,30.26,30.54,29.86,29.99,26.36,12552459
2020-09-16,30.25,30.36,29.59,29.99,26.36,20847725
2020-09-17,29.53,29.53,28.81,29.14,25.61,26331785
2020-09-18,29.3,29.56,28.86,28.89,25.39,26962193
2020-09-21,28.4,28.69,27.81,28.19,24.77,17428176
2020-09-22,28.29,28.64,28.12,28.42,24.98,14621842
2020-09-23,28.09,28.13,26.98,27.14,23.85,24139883
2020-09-24,26.87,27.77,26.83,27.65,24.3,20435406
2020-09-25,27.55,27.85,27.26,27.7,24.34,9425003
2020-09-28,28.0,28.04,27.45,27.76,24.4,12539465
2020-09-29,27.97,28.48,27.87,28.28,24.85,12466509
2020-09-30,28.12,28.39,27.8,28.11,24.7,14891868
2020-10-01,28.39,28.55,28.07,28.26,24.84,10354335
2020-10-02,28.19,28.39,27.82,27.89,24.51,9876506
2020-10-05,28.01,28.74,27.97,28.37,24.93,10678086
2020-10-06,28.41,28.54,27.04,27.06,23.78,18522995
2020-10-07,27.39,27.53,26.88,26.95,23.68,18348750
2020-10-08,27.12,27.52,26.9,27.27,23.97,13403529
2020-10-09,27.77,28.05,27.52,28.05,24.65,14495604
2020-10-12,27.95,28.19,27.8,28.04,24.64,9850833
2020-10-13,27.8,28.06,27.18,27.96,24.57,12480095
2020-10-14,28.2,28.59,27.95,28.31,24.88,10603437
2020-10-15,27.97,28.08,27.56,27.75,24.39,10768733
2020-10-16,27.86,27.89,27.5,27.57,24.23,8991481
2020-10-19,27.82,27.97,27.0,27.02,23.75,12823157
2020-10-20,27.12,27.28,26.84,27.07,23.79,14482531
2020-10-21,27.28,27.53,27.1,27.37,24.05,11122933
2020-10-22,27.06,27.1,26.55,26.89,23.63,13605129
2020-10-23,26.78,26.94,26.61,26.81,23.56,9636139
2020-10-26,26.59,27.18,26.58,26.63,23.4,10261940
2020-10-27,26.66,27.12,26.52,27.09,23.81,10690917
2020-10-28,26.45,26.56,25.71,25.92,22.78,22178939
2020-10-29,25.65,26.57,25.56,26.17,23.0,15397068
2020-10-30,26.41,26.77,25.75,26.73,23.49,14855945
2020-11-02,27.0,27.2,26.52,27.16,23.87,15083230
2020-11-03,27.5,27.88,27.25,27.78,24.41,14104873
2020-11-04,27.74,28.1,27.35,27.42,24.1,14795667
2020-11-05,28.41,29.55,28.38,29.32,25.77,28536569
2020-11-06,29.56,29.6,28.75,28.87,25.37,13537512
2020-11-09,27.22,27.44,26.09,26.9,23.64,47566213
2020-11-10,26.9,27.01,25.9,25.94,22.8,23180643
2020-11-11,25.82,25.84,25.34,25.79,22.66,21293505
2020-11-12,26.02,26.24,25.83,25.91,22.77,12858341
2020-11-13,26.3,26.34,25.87,25.89,22.75,11774346
2020-11-16,25.8,26.03,25.47,25.86,22.73,17386231
2020-11-17,25.8,25.9,25.33,25.37,22.3,18757971
2020-11-18,25.24,25.28,24.42,24.46,21.5,28709809
2020-11-19,24.17,24.44,24.01,24.18,21.25,18249241
2020-11-20,24.32,24.64,24.17,24.28,21.34,16705598
2020-11-23,24.16,24.16,23.14,23.24,20.42,36596260
2020-11-24,22.59,23.25,22.53,22.79,20.03,43635621
2020-11-25,23.13,23.21,22.66,22.83,20.06,36957084
2020-11-27,22.51,22.72,22.22,22.69,20.02,16850096
2020-11-30,22.49,23.21,22.36,23.14,20.42,24409213
2020-12-01,23.86,24.0,23.45,23.83,21.02,26522802
2020-12-02,23.97,24.1,23.61,23.96,21.14,17684855
2020-12-03,24.18,24.21,23.43,23.61,20.83,18347735
2020-12-04,23.75,23.8,23.24,23.5,20.73,17089858
2020-12-07,23.5,24.2,23.46,23.95,21.13,18854821
2020-12-08,24.1,24.11,23.75,23.9,21.09,13709078
2020-12-09,23.75,23.81,23.18,23.36,20.61,20562611
2020-12-10,23.5,23.57,22.98,23.09,20.37,18028677
2020-12-11,23.08,23.31,22.84,22.9,20.2,13964426
2020-12-14,22.9,23.07,22.4,22.44,19.8,14728647
2020-12-15,22.84,23.17,22.71,22.87,20.18,16057899
2020-12-16,23.01,23.14,22.66,23.07,20.35,17231350
2020-12-17,23.64,24.04,23.41,23.59,20.81,20273863
2020-12-18,23.69,23.69,23.26,23.27,20.53,14803028
2020-12-21,23.25,23.41,22.95,23.02,20.31,20688188
2020-12-22,23.0,23.05,22.26,22.52,19.87,19847899
2020-12-23,22.62,23.03,22.56,22.83,20.14,11737792
2020-12-24,22.8,23.04,22.73,22.9,20.2,4920055
2020-12-28,23.52,23.54,22.8,22.84,20.15,15946697
2020-12-29,22.96,23.28,22.75,22.91,20.21,14663884
2020-12-30,22.97,23.28,22.85,23.24,20.5,16046467
2020-12-31,23.25,23.27,22.7,22.78,20.1,18087972
2021-01-04,23.85,24.8,23.62,24.62,21.72,41044674
2021-01-05,24.93,24.95,24.09,24.28,21.42,30884831
2021-01-06,24.07,24.57,23.9,24.5,21.62,30367788
2021-01-07,24.54,24.86,24.25,24.77,21.85,18995977
2021-01-08,24.22,24.37,23.58,23.97,21.15,25824793
2021-01-11,23.53,23.78,23.44,23.52,20.75,21596924
2021-01-12,23.59,23.67,23.2,23.54,20.77,22550305
2021-01-13,23.6,23.9,23.49,23.6,20.82,17298520
2021-01-14,23.57,23.91,23.54,23.68,20.89,15120868
2021-01-15,23.58,23.73,23.11,23.14,20.42,16309941
2021-01-19,23.33,23.48,23.11,23.39,20.64,16575440
2021-01-20,23.73,23.96,23.58,23.83,21.02,17136415
2021-01-21,23.84,23.87,23.41,23.68,20.89,14083571
2021-01-22,23.18,23.7,22.92,23.47,20.71,13121401
2021-01-25,23.6,23.76,23.21,23.44,20.68,15448582
2021-01-26,23.44,23.56,23.24,23.28,20.54,11643775
2021-01-27,23.09,23.11,21.88,21.99,19.4,32615289
2021-01-28,22.44,22.55,22.09,22.36,19.73,23204375
2021-01-29,22.9,23.08,22.25,22.37,19.74,25413930
2021-02-01,22.93,22.97,22.14,22.54,19.89,25095512
2021-02-02,22.14,22.52,21.94,22.34,19.71,15373548
2021-02-03,22.32,22.48,22.18,22.34,19.71,11032205
2021-02-04,21.91,22.05,21.48,21.99,19.4,17676678
2021-02-05,22.1,22.38,21.86,22.33,19.7,17395809
2021-02-08,22.63,22.68,22.39,22.46,19.82,11633925
2021-02-09,22.52,22.54,22.27,22.43,19.79,12879102
2021-02-10,22.58,22.7,22.33,22.51,19.86,11056672
2021-02-11,22.55,22.57,22.12,22.19,19.58,12689483
2021-02-12,22.07,22.29,21.71,22.15,19.54,14572982
2021-02-16,21.99,22.11,21.65,21.7,19.15,18692728
2021-02-17,21.31,21.31,20.6,20.83,18.38,36717316
2021-02-18,20.87,20.99,20.22,20.32,17.93,29436471
2021-02-19,20.36,20.43,19.69,19.78,17.45,38062316
2021-02-22,20.0,20.6,19.86,20.53,18.11,28933865
2021-02-23,20.52,20.57,19.79,20.16,17.79,22904366
2021-02-24,19.97,20.22,19.73,20.1,17.73,17803364
2021-02-25,19.85,20.2,19.36,19.45,17.16,25862381
2021-02-26,19.23,19.29,18.64,18.67,16.55,32845991
2021-03-01,19.0,19.25,18.8,18.97,16.81,24088810
2021-03-02,19.19,19.98,19.15,19.86,17.6,25720894
2021-03-03,19.41,19.57,19.01,19.5,17.28,21362606
2021-03-04,19.5,20.0,19.28,19.54,17.32,28469246
2021-03-05,19.61,19.87,19.21,19.84,17.59,20863126
2021-03-08,19.83,19.86,19.31,19.5,17.28,14384812
2021-03-09,20.08,20.42,19.85,19.99,17.72,19423854
2021-03-10,20.17,20.33,19.8,20.12,17.83,16621883
2021-03-11,20.27,20.44,20.01,20.31,18.0,14448758
2021-03-12,19.99,20.42,19.82,20.32,18.01,12741880
2021-03-15,20.46,20.86,20.32,20.77,18.41,16169091
2021-03-16,20.84,20.86,20.52,20.71,18.36,12121840
2021-03-17,20.59,21.34,20.39,21.13,18.73,20170716
2021-03-18,20.82,21.13,20.71,20.86,18.49,13137524
2021-03-19,20.95,20.99,20.69,20.96,18.58,24422137
2021-03-22,20.74,20.88,20.59,20.62,18.28,12354441
2021-03-23,20.56,20.56,20.02,20.24,17.94,17602051
2021-03-24,20.25,20.28,19.96,20.16,17.87,16838767
2021-03-25,20.04,20.09,19.51,19.73,17.49,23092499
2021-03-26,19.61,20.0,19.61,20.0,17.73,20956695
2021-03-29,19.93,20.2,19.56,20.16,17.87,17532704
2021-03-30,19.69,19.75,19.44,19.51,17.29,14899425
2021-03-31,19.65,20.08,19.48,19.8,17.55,14160099
2021-04-01,20.1,20.41,19.94,20.37,18.06,13040644
2021-04-05,20.83,20.89,20.35,20.63,18.29,19371246
2021-04-06,20.88,21.15,20.69,20.88,18.51,18430766
2021-04-07,20.91,20.95,20.59,20.67,18.32,12997155
2021-04-08,20.97,21.16,20.89,21.16,18.76,19201935
2021-04-09,21.0,21.27,20.89,21.21,18.8,14054132
2021-04-12,21.14,21.16,20.85,20.99,18.61,15850928
2021-04-13,21.15,21.47,20.97,21.1,18.7,21067034
2021-04-14,21.12,21.25,21.01,21.11,18.71,13973923
2021-04-15,21.39,22.2,21.35,21.98,19.48,22947888
2021-04-16,22.38,22.43,22.02,22.23,19.7,22400960
2021-04-19,22.27,22.4,22.02,22.11,19.6,13797002
2021-04-20,22.04,22.46,21.98,22.4,19.86,15561709
2021-04-21,22.48,22.86,22.43,22.74,20.16,13479740
2021-04-22,22.54,22.56,22.23,22.41,19.86,14527247
2021-04-23,22.56,22.63,22.15,22.21,19.69,11596023
2021-04-26,22.22,22.3,22.01,22.16,19.64,8943044
2021-04-27,22.15,22.15,21.59,21.64,19.18,15740447
2021-04-28,21.5,21.91,21.32,21.76,19.29,17101472
2021-04-29,21.7,21.75,21.11,21.35,18.92,20897132
2021-04-30,21.28,21.52,21.15,21.25,18.84,13664051
2021-05-03,21.58,22.33,21.52,22.23,19.7,17421083
2021-05-04,22.12,22.55,21.76,22.01,19.51,16850262
2021-05-05,22.29,22.38,21.93,22.25,19.72,13395792
2021-05-06,22.58,23.6,22.57,23.55,20.87,34497236
2021-05-07,23.96,24.16,23.59,23.92,21.2,24229353
2021-05-10,24.23,24.44,23.92,23.93,21.21,19519237
2021-05-11,23.48,24.03,23.39,23.95,21.23,13963030
2021-05-12,23.95,24.18,23.43,23.53,20.86,14419621
2021-05-13,23.4,23.72,23.14,23.58,20.9,11594129
2021-05-14,23.82,24.08,23.7,24.02,21.29,9892247
2021-05-17,24.28,25.29,23.99,25.27,22.4,30193712
2021-05-18,25.23,25.24,24.61,25.11,22.26,19029584
2021-05-19,24.86,25.37,24.42,24.59,21.8,23518069
2021-05-20,24.54,25.0,24.45,24.81,21.99,13655635
2021-05-21,25.0,25.05,24.49,24.7,21.89,14492385
2021-05-24,24.79,24.89,24.54,24.68,21.88,9151047
2021-05-25,24.66,24.7,24.23,24.58,21.79,19350317
2021-05-26,24.81,24.94,24.5,24.58,21.79,15210325
2021-05-27,24.41,24.42,23.73,23.86,21.35,20866145
2021-05-28,23.55,24.15,23.48,24.08,21.55,20382477
2021-06-01,24.13,24.3,23.79,24.26,21.71,17551032
2021-06-02,24.28,24.37,24.14,24.17,21.63,9600369
2021-06-03,23.57,23.6,23.13,23.21,20.77,21158458
2021-06-04,23.32,23.68,23.25,23.46,20.99,13415403
2021-06-07,23.32,23.49,23.17,23.41,20.95,10957860
2021-06-08,23.35,23.52,23.12,23.12,20.69,10678607
2021-06-09,23.1,23.33,23.01,23.01,20.59,10446256
2021-06-10,23.02,23.73,22.93,23.71,21.22,13176391
2021-06-11,23.61,23.66,23.22,23.23,20.79,10951935
2021-06-14,22.88,23.26,22.7,23.15,20.71,13119149
2021-06-15,23.16,23.16,22.77,22.79,20.39,11167047
2021-06-16,22.83,23.14,22.44,22.45,20.09,21393937
2021-06-17,21.79,21.88,21.0,21.03,18.82,37068425
2021-06-18,21.12,21.23,20.74,20.75,18.57,30229386
2021-06-21,20.94,21.27,20.8,21.15,18.92,15733867
2021-06-22,21.07,21.28,20.98,21.08,18.86,12925302
2021-06-23,21.31,21.35,20.94,20.96,18.75,10329334
2021-06-24,21.06,21.17,20.92,20.97,18.76,10545955
2021-06-25,21.19,21.24,20.83,20.89,18.69,11269650
2021-06-28,20.92,21.04,20.54,20.7,18.52,12068635
2021-06-29,20.42,20.68,20.29,20.53,18.37,12433580
2021-06-30,20.7,20.81,20.46,20.68,18.5,10543822
2021-07-01,20.93,20.94,20.5,20.58,18.41,12980089
2021-07-02,20.82,20.96,20.59,20.79,18.6,10721841
2021-07-06,21.11,21.36,20.98,21.29,19.05,20210068
2021-07-07,21.41,21.41,21.03,21.19,18.96,9319982
2021-07-08,21.21,21.29,20.57,20.72,18.54,14453927
2021-07-09,20.8,21.21,20.76,21.13,18.91,10654440
2021-07-12,21.0,21.27,20.77,20.83,18.64,10528137
2021-07-13,20.92,21.53,20.91,21.14,18.92,14865202
2021-07-14,21.64,21.65,21.2,21.33,19.09,13168210
2021-07-15,21.31,21.35,20.95,21.27,19.03,12845381
2021-07-16,21.17,21.21,20.71,20.86,18.67,17418065
2021-07-19,20.63,20.85,20.27,20.54,18.38,20149372
2021-07-20,20.67,21.06,20.55,20.72,18.54,16237141
2021-07-21,20.57,21.01,20.53,20.9,18.7,12057375
2021-07-22,20.78,20.87,20.52,20.74,18.56,10176942
2021-07-23,20.65,20.78,20.43,20.63,18.46,10308500
2021-07-26,20.66,21.05,20.57,20.82,18.63,10282537
2021-07-27,20.86,21.06,20.68,20.99,18.78,10501603
2021-07-28,20.97,21.37,20.91,21.34,19.09,11952496
2021-07-29,21.74,21.99,21.59,21.81,19.52,16416162
2021-07-30,21.69,21.99,21.59,21.77,19.48,10183955
2021-08-02,21.78,21.79,21.41,21.57,19.3,12234368
2021-08-03,21.55,21.77,21.54,21.72,19.43,10743919
2021-08-04,22.01,22.3,21.62,21.65,19.37,16792048
2021-08-05,21.66,21.66,21.21,21.26,19.02,11553851
2021-08-06,20.75,21.0,20.35,20.8,18.61,29729070
2021-08-09,20.49,20.83,20.4,20.56,18.4,24458947
2021-08-10,20.48,20.57,19.84,19.84,17.75,26957088
2021-08-11,20.07,20.5,20.03,20.31,18.17,15127659
2021-08-12,20.21,20.23,19.87,20.05,17.94,12273612
2021-08-13,20.3,20.5,20.13,20.27,18.14,13115209
2021-08-16,20.11,20.36,20.04,20.19,18.07,15403285
2021-08-17,20.14,20.24,19.82,19.97,17.87,15532428
2021-08-18,20.03,20.03,19.39,19.46,17.41,21364425
2021-08-19,19.38,19.46,19.06,19.13,17.12,19626942
2021-08-20,19.01,19.4,18.76,19.23,17.21,12678716
2021-08-23,19.58,20.26,19.32,20.15,18.03,22050432
2021-08-24,20.26,20.27,19.98,20.12,18.0,12228816
2021-08-25,19.95,19.97,19.7,19.85,17.76,11031146
2021-08-26,19.63,19.87,19.6,19.73,17.65,9865037
2021-08-27,19.72,20.34,19.64,20.24,18.11,14377955
2021-08-30,20.24,20.25,19.72,19.81,17.93,13046820
2021-08-31,19.89,20.11,19.83,20.07,18.17,11989987
2021-09-01,20.2,20.22,19.8,19.81,17.93,13679670
2021-09-02,19.83,19.9,19.68,19.87,17.98,13201105
2021-09-03,20.18,20.51,20.05,20.3,18.37,20241305
2021-09-07,20.15,20.16,19.73,19.85,17.97,20123355
2021-09-08,19.82,19.98,19.61,19.86,17.97,19809087
2021-09-09,20.01,20.01,19.62,19.69,17.82,16143250
2021-09-10,19.69,19.76,19.35,19.35,17.51,14659499
2021-09-13,19.39,19.69,19.23,19.47,17.62,15877267
2021-09-14,19.63,19.82,19.45,19.5,17.65,16122781
2021-09-15,19.48,19.67,19.33,19.36,17.52,15030996
2021-09-16,18.98,18.98,18.4,18.51,16.75,40452090
2021-09-17,18.48,18.49,18.26,18.36,16.62,23316386
2021-09-20,18.23,18.65,18.1,18.65,16.88,23097592
2021-09-21,18.8,18.85,18.48,18.49,16.73,18250791
2021-09-22,18.55,18.81,18.41,18.45,16.7,17054580
2021-09-23,18.3,18.38,18.09,18.23,16.5,19733566
2021-09-24,18.09,18.27,18.03,18.03,16.32,13371205
2021-09-27,18.06,18.26,17.87,17.95,16.25,20717319
2021-09-28,17.81,18.12,17.57,18.1,16.38,26643150
2021-09-29,18.04,18.15,17.56,17.58,15.91,23570944
2021-09-30,17.69,18.22,17.65,18.05,16.34,22321007
2021-10-01,18.08,18.08,17.73,17.99,16.28,20640207
2021-10-04,17.99,18.42,17.96,18.23,16.5,17838549
2021-10-05,18.15,18.19,17.81,18.15,16.43,17431544
2021-10-06,18.06,18.46,18.02,18.45,16.7,13852105
2021-10-07,18.35,18.63,18.34,18.59,16.83,16260520
2021-10-08,19.03,19.07,18.51,18.52,16.76,16069193
2021-10-11,18.61,18.73,18.35,18.44,16.69,9293480
2021-10-12,18.49,18.83,18.31,18.66,16.89,15417109
2021-10-13,18.91,19.42,18.88,19.23,17.4,23840066
2021-10-14,19.49,19.74,19.4,19.57,17.71,19849772
2021-10-15,19.17,19.26,18.8,19.13,17.31,17787409
2021-10-18,19.08,19.24,18.9,19.07,17.26,11392428
2021-10-19,19.44,19.49,19.07,19.31,17.48,12754415
2021-10-20,19.43,19.67,19.33,19.42,17.58,13301829
2021-10-21,19.32,19.43,19.21,19.37,17.53,9917573
2021-10-22,19.69,20.05,19.43,19.48,17.63,19840708
2021-10-25,19.76,19.77,19.52,19.55,17.69,12533040
2021-10-26,19.46,19.58,19.3,19.43,17.59,12052223
2021-10-27,19.37,19.53,19.3,19.39,17.55,10707470
2021-10-28,19.42,19.47,18.9,18.94,17.14,20967423
2021-10-29,18.63,18.72,18.37,18.37,16.63,22767489
2021-11-01,18.37,18.71,18.22,18.48,16.73,16112526
2021-11-02,18.49,18.5,18.26,18.47,16.72,14785646
2021-11-03,18.2,18.77,18.19,18.62,16.85,19232395
2021-11-04,18.86,19.13,18.6,18.75,16.97,20082420
2021-11-05,18.93,19.6,18.81,19.6,17.74,21084943
2021-11-08,19.76,19.8,19.34,19.48,17.63,17193919
2021-11-09,19.51,19.64,19.27,19.62,17.76,14107621
2021-11-10,20.25,20.62,20.22,20.46,18.52,31575236
2021-11-11,20.85,20.91,20.56,20.65,18.69,23589303
2021-11-12,20.5,20.95,20.39,20.75,18.78,15506729
2021-11-15,20.75,20.96,20.6,20.9,18.92,15553771
2021-11-16,20.85,21.05,20.52,20.6,18.64,18463115
2021-11-17,20.8,21.19,20.73,20.99,19.0,18679281
2021-11-18,20.9,20.99,20.49,20.56,18.61,14808210
2021-11-19,20.45,20.71,20.15,20.25,18.33,17863705
2021-11-22,19.82,20.02,19.53,19.79,17.91,19189568
2021-11-23,19.5,19.67,19.31,19.43,17.59,13581531
2021-11-24,19.23,19.53,19.23,19.39,17.55,13868970
2021-11-26,19.8,19.83,19.22,19.38,17.54,13971874
2021-11-29,19.05,19.2,18.88,19.15,17.41,17859585
2021-11-30,19.35,19.76,18.93,18.99,17.27,21082988
2021-12-01,19.09,19.44,18.38,18.39,16.72,20580283
2021-12-02,18.36,18.39,17.94,18.18,16.53,23330253
2021-12-03,18.2,18.26,17.83,18.22,16.57,22027123
2021-12-06,18.11,18.55,18.03,18.49,16.81,17623903
2021-12-07,18.51,18.74,18.41,18.56,16.88,15898820
2021-12-08,18.48,18.66,18.35,18.6,16.91,10306067
2021-12-09,18.32,18.39,18.02,18.17,16.52,15593450
2021-12-10,18.24,18.26,17.92,17.95,16.32,15615408
2021-12-13,18.0,18.15,17.85,17.97,16.34,18505140
2021-12-14,17.7,18.02,17.66,17.86,16.24,15063690
2021-12-15,17.8,17.83,17.27,17.65,16.05,26972675
2021-12-16,17.9,18.47,17.89,18.44,16.77,24535565
2021-12-17,18.56,18.85,18.37,18.39,16.72,30832588
2021-12-20,18.37,18.44,18.09,18.33,16.67,17682405
2021-12-21,18.42,18.51,18.19,18.39,16.72,13909629
2021-12-22,18.44,18.55,18.17,18.53,16.85,15108139
2021-12-23,18.43,18.69,18.39,18.57,16.89,12163840
2021-12-27,18.5,18.58,18.27,18.41,16.74,11744273
2021-12-28,18.45,18.67,18.31,18.37,16.7,10311877
2021-12-29,18.24,18.66,18.22,18.4,16.73,17290070
2021-12-30,18.4,18.89,18.39,18.82,17.11,13570887
2021-12-31,18.98,19.08,18.78,19.0,17.28,14284105
2022-01-03,18.78,18.8,18.52,18.54,16.86,13001906
2022-01-04,18.6,18.91,18.56,18.73,17.03,14194537
2022-01-05,18.94,19.1,18.54,18.57,16.89,20273437
2022-01-06,18.28,18.31,17.99,18.02,16.39,21071767
2022-01-07,18.09,18.22,17.93,18.1,16.46,12787595
2022-01-10,18.06,18.63,18.04,18.62,16.93,19743654
2022-01-11,18.67,18.88,18.51,18.86,17.15,13733188
2022-01-12,18.92,19.24,18.78,19.2,17.46,19595483
2022-01-13,19.14,19.29,18.82,18.83,17.12,11928766
2022-01-14,18.86,18.91,18.52,18.68,16.99,12857523
2022-01-18,18.56,18.85,18.47,18.56,16.88,13186945
2022-01-19,18.81,20.24,18.76,20.17,18.34,36169188
2022-01-20,20.14,20.3,19.89,19.91,18.1,20414382
2022-01-21,20.01,20.06,19.26,19.34,17.59,21714100
2022-01-24,19.24,19.41,18.81,19.37,17.61,23942412
2022-01-25,19.21,19.59,19.14,19.49,17.72,16843347
2022-01-26,19.36,19.72,18.92,19.03,17.3,24282925
2022-01-27,18.75,19.15,18.66,18.71,17.01,20558493
2022-01-28,18.51,18.59,18.26,18.56,16.88,19097621
2022-01-31,18.72,19.18,18.57,19.15,17.41,18321775
2022-02-01,19.15,19.29,18.88,19.09,17.36,14344055
2022-02-02,19.05,19.5,18.88,19.22,17.48,16669062
2022-02-03,19.17,19.3,18.81,19.06,17.33,12239439
2022-02-04,18.99,19.4,18.95,19.19,17.45,14157407
2022-02-07,19.34,19.66,19.2,19.58,17.8,13218336
2022-02-08,19.62,19.82,19.54,19.82,18.02,13731930
2022-02-09,19.89,19.98,19.7,19.73,17.94,11394131
2022-02-10,19.66,19.88,19.24,19.3,17.55,15490791
2022-02-11,19.35,20.87,19.29,20.68,18.8,32059688
2022-02-14,20.73,21.2,20.71,21.09,19.18,38007929
2022-02-15,20.49,20.74,20.29,20.68,18.8,22307668
2022-02-16,21.14,22.45,21.13,22.23,20.21,41704445
2022-02-17,22.54,23.47,22.41,23.23,21.12,46712369
2022-02-18,23.01,23.35,22.93,23.14,21.04,28735672
2022-02-22,23.16,23.44,22.56,22.76,20.7,29821494
2022-02-23,22.7,23.18,22.7,22.83,20.76,23816458
2022-02-24,23.45,23.59,22.09,22.54,20.5,53409931
2022-02-25,22.16,22.62,22.01,22.56,20.61,22501999
2022-02-28,22.88,22.91,22.33,22.57,20.62,23866204
2022-03-01,22.75,23.5,22.73,23.46,21.43,32082860
2022-03-02,22.83,23.36,22.66,23.15,21.14,23287410
2022-03-03,23.12,23.7,23.12,23.57,21.53,23936835
2022-03-04,23.72,24.48,23.57,24.2,22.1,35859200
2022-03-07,24.37,24.98,23.94,24.86,22.71,39144522
2022-03-08,25.09,26.07,24.48,25.36,23.16,67227937
2022-03-09,23.72,24.63,23.4,24.33,22.22,39175049
2022-03-10,24.42,25.02,24.27,24.49,22.37,27099063
2022-03-11,23.72,24.57,23.48,24.35,22.24,19900986
2022-03-14,23.75,24.01,23.38,23.64,21.59,23139519
2022-03-15,22.81,24.04,22.81,23.77,21.71,26227803
2022-03-16,23.58,23.94,23.2,23.61,21.57,23974839
2022-03-17,23.9,24.54,23.86,24.08,21.99,22857457
2022-03-18,24.1,24.15,23.73,23.87,21.8,36452036
2022-03-21,23.9,24.6,23.88,24.3,22.2,21346865
2022-03-22,24.27,24.39,23.84,24.23,22.13,16227757
2022-03-23,24.4,24.59,24.16,24.57,22.44,17005947
2022-03-24,24.75,24.96,24.41,24.5,22.38,17732878
2022-03-25,24.29,24.63,24.18,24.54,22.41,16979786
2022-03-28,24.11,24.32,23.94,24.23,22.13,18905100
2022-03-29,23.74,24.57,23.61,24.53,22.41,21536430
2022-03-30,24.65,24.94,24.65,24.85,22.7,13921640
2022-03-31,24.85,25.13,24.53,24.53,22.41,11671369
2022-04-01,24.3,25.02,24.28,24.94,22.78,15554055
2022-04-04,25.09,25.12,24.55,24.86,22.71,13007646
2022-04-05,24.96,25.48,24.33,24.46,22.34,18180031
2022-04-06,24.58,24.9,24.37,24.61,22.48,14680596
2022-04-07,24.65,25.06,24.54,24.9,22.74,22827358
2022-04-08,24.9,25.49,24.9,25.41,23.21,15176547
2022-04-11,25.71,25.91,25.16,25.4,23.2,14707969
2022-04-12,25.73,25.92,25.31,25.44,23.24,14608680
2022-04-13,25.65,25.87,25.43,25.58,23.36,12520250
2022-04-14,25.45,25.48,24.9,25.2,23.02,19310690
2022-04-18,25.52,25.99,25.36,25.38,23.18,15103652
2022-04-19,25.03,25.4,24.79,25.01,22.84,16104061
2022-04-20,25.07,25.29,24.84,25.25,23.06,19022043
2022-04-21,24.92,25.0,23.86,24.22,22.12,26109732
2022-04-22,23.53,24.09,23.48,23.73,21.67,22036510
2022-04-25,22.7,22.97,22.22,22.73,20.76,32473036
2022-04-26,22.82,23.0,22.29,22.37,20.43,21083576
2022-04-27,22.26,22.56,22.13,22.24,20.31,16573795
2022-04-28,22.23,22.48,22.08,22.43,20.49,16663307
2022-04-29,22.74,22.89,22.28,22.31,20.38,18243392
2022-05-02,21.75,22.24,21.52,22.16,20.24,26425231
2022-05-03,22.28,22.68,22.19,22.41,20.47,19100769
2022-05-04,22.7,23.21,22.3,23.19,21.18,17983161
2022-05-05,23.42,23.42,22.27,22.56,20.61,17160794
2022-05-06,22.39,22.63,22.23,22.42,20.48,13793365
2022-05-09,21.87,22.14,21.42,21.49,19.63,31879846
2022-05-10,21.68,21.88,21.0,21.29,19.45,20774921
2022-05-11,21.51,21.89,21.13,21.23,19.39,20789072
2022-05-12,20.75,21.03,20.04,20.34,18.58,24114945
2022-05-13,20.2,20.72,20.11,20.43,18.66,17849729
2022-05-16,20.41,20.58,20.33,20.52,18.74,13432073
2022-05-17,20.79,20.83,20.36,20.47,18.7,13916645
2022-05-18,20.38,20.47,19.73,19.75,18.04,20693674
2022-05-19,20.13,20.91,20.13,20.72,18.93,24233720
2022-05-20,20.79,20.81,20.46,20.76,18.96,19964839
2022-05-23,21.13,21.22,20.53,20.73,18.93,10901576
2022-05-24,20.81,21.4,20.66,21.31,19.46,22698925
2022-05-25,21.04,21.34,20.98,21.25,19.41,17770706
2022-05-26,20.94,21.08,20.55,20.63,19.02,19674589
2022-05-27,20.82,20.88,20.42,20.6,18.99,13843600
2022-05-31,20.72,21.04,20.32,20.49,18.89,17817824
2022-06-01,20.6,20.76,20.23,20.35,18.76,12795587
2022-06-02,20.69,21.08,20.67,20.97,19.34,18041812
2022-06-03,20.74,20.93,20.61,20.68,19.07,10039372
2022-06-06,20.82,20.87,20.38,20.51,18.91,12955248
2022-06-07,20.39,20.76,20.38,20.74,19.12,11263505
2022-06-08,20.65,20.95,20.56,20.77,19.15,13479814
2022-06-09,20.7,20.73,20.09,20.09,18.52,13318648
2022-06-10,19.9,21.17,19.71,21.03,19.39,21298774
2022-06-13,20.42,20.59,20.04,20.12,18.55,26792005
2022-06-14,20.08,20.16,19.29,19.47,17.95,19918047
2022-06-15,19.91,19.97,19.05,19.56,18.04,24833487
2022-06-16,19.56,20.2,19.22,20.03,18.47,22393185
2022-06-17,19.88,19.91,19.32,19.55,18.03,29207252
2022-06-21,19.57,19.86,19.55,19.58,18.05,24026776
2022-06-22,19.6,19.88,19.35,19.4,17.89,14631864
2022-06-23,19.42,19.61,18.39,18.55,17.1,20772019
2022-06-24,18.48,18.85,18.21,18.78,17.32,19538392
2022-06-27,18.83,19.06,18.71,19.04,17.56,19276898
2022-06-28,19.09,19.15,18.54,18.55,17.1,15910582
2022-06-29,18.86,18.95,18.27,18.39,16.96,16264178
2022-06-30,18.29,18.34,17.64,17.69,16.31,20510494
2022-07-01,17.49,18.18,17.33,18.06,16.65,19737682
2022-07-05,17.97,18.16,17.08,17.42,16.06,21617807
2022-07-06,17.42,17.51,16.78,17.22,15.88,18597318
2022-07-07,17.32,17.6,17.11,17.25,15.91,13021041
2022-07-08,17.26,17.47,17.03,17.18,15.84,12401874
2022-07-11,17.01,17.27,16.91,16.98,15.66,19294150
2022-07-12,16.96,16.99,16.38,16.44,15.16,25984789
2022-07-13,16.28,16.93,16.17,16.49,15.21,28987674
2022-07-14,15.9,15.95,15.27,15.77,14.54,38960795
2022-07-15,15.86,15.88,15.4,15.66,14.44,24698715
2022-07-18,15.96,16.09,15.82,15.82,14.59,19249811
2022-07-19,15.83,16.08,15.71,16.03,14.78,19009917
2022-07-20,15.99,16.05,15.43,15.45,14.25,22001419
2022-07-21,15.52,15.76,15.38,15.5,14.29,29498719
2022-07-22,15.65,15.9,15.18,15.33,14.14,28825831
2022-07-25,15.33,15.51,14.8,14.91,13.75,31143214
2022-07-26,15.0,15.29,15.0,15.27,14.08,22349035
2022-07-27,15.2,15.48,15.03,15.41,14.21,25174833
2022-07-28,15.91,15.98,15.47,15.63,14.41,24537416
2022-07-29,15.82,15.87,15.34,15.74,14.51,17488598
2022-08-01,15.87,15.95,15.63,15.72,14.5,16415187
2022-08-02,15.92,16.27,15.5,15.52,14.31,25860396
2022-08-03,15.62,15.67,15.09,15.2,14.02,26072997
2022-08-04,15.45,16.02,15.43,15.78,14.55,27258513
2022-08-05,15.43,15.61,15.2,15.6,14.38,24578115
2022-08-08,16.06,16.46,15.95,16.2,14.94,24732021
2022-08-09,16.41,16.45,15.99,16.44,15.16,23465029
2022-08-10,16.62,16.78,16.34,16.53,15.24,22004451
2022-08-11,16.56,16.75,16.37,16.4,15.12,16251124
2022-08-12,16.46,16.84,16.43,16.74,15.44,18440377
2022-08-15,16.3,16.68,16.23,16.67,15.37,16075189
2022-08-16,16.62,16.88,16.55,16.85,15.54,18263886
2022-08-17,16.73,16.78,16.43,16.45,15.17,29682822
2022-08-18,16.51,16.59,16.34,16.41,15.13,14195035
2022-08-19,16.33,16.34,16.02,16.07,14.82,22272578
2022-08-22,15.88,16.3,15.88,16.17,14.91,20044903
2022-08-23,16.27,16.7,16.18,16.21,14.95,21336623
2022-08-24,16.17,16.37,15.98,16.35,15.08,18402748
2022-08-25,16.49,16.5,16.15,16.37,15.09,13556875
2022-08-26,16.42,16.47,15.37,15.48,14.27,29670842
2022-08-29,15.42,15.62,15.29,15.35,14.15,27954371
2022-08-30,15.18,15.2,14.85,14.99,14.0,29447528
2022-08-31,14.89,15.09,14.8,14.85,13.87,19095352
2022-09-01,14.65,14.87,14.53,14.59,13.63,23728952
2022-09-02,14.88,15.23,14.71,14.9,13.92,19069690
2022-09-06,15.0,15.14,14.72,14.83,13.85,16585491
2022-09-07,14.81,15.5,14.71,15.36,14.35,20231194
2022-09-08,15.27,15.62,15.2,15.61,14.58,16300329
2022-09-09,15.83,15.97,15.72,15.92,14.87,20766179
2022-09-12,16.22,16.22,15.87,15.96,14.91,17432834
2022-09-13,15.47,15.82,15.42,15.55,14.53,15250980
2022-09-14,15.62,15.82,15.53,15.6,14.57,15876748
2022-09-15,15.46,15.53,14.99,15.14,14.14,24138660
2022-09-16,14.92,15.53,14.83,15.3,14.29,24219026
2022-09-19,15.11,15.51,15.03,15.5,14.48,13851044
2022-09-20,15.23,15.23,14.85,15.05,14.06,25211099
2022-09-21,15.14,15.52,14.9,15.18,14.18,26828539
2022-09-22,15.27,15.46,15.01,15.07,14.08,18804242
2022-09-23,14.74,14.75,14.26,14.48,13.53,25092233
2022-09-26,14.33,14.52,13.97,14.19,13.26,22121714
2022-09-27,14.37,14.55,14.09,14.1,13.17,17517190
2022-09-28,14.4,14.97,14.38,14.95,13.97,22802774
2022-09-29,14.85,15.11,14.66,15.1,14.11,25858879
2022-09-30,15.02,15.75,14.99,15.5,14.48,37708244
2022-10-03,15.7,15.94,15.46,15.92,14.87,35218672
2022-10-04,16.16,16.49,15.97,16.05,14.99,33905157
2022-10-05,15.73,15.96,15.44,15.9,14.85,25558038
2022-10-06,15.8,16.16,15.7,16.15,15.09,22734843
2022-10-07,15.94,16.03,15.48,15.48,14.46,21936524
2022-10-10,15.33,15.65,15.25,15.27,14.27,11309411
2022-10-11,15.31,15.49,15.01,15.01,14.02,19824062
2022-10-12,15.06,15.32,14.89,15.06,14.07,22272440
2022-10-13,14.57,14.73,13.99,14.67,13.71,32784649
2022-10-14,14.54,14.6,14.13,14.16,13.23,19008816
2022-10-17,14.55,14.86,14.52,14.61,13.65,25069109
2022-10-18,14.82,14.94,14.64,14.79,13.82,13516509
2022-10-19,14.52,14.61,14.35,14.45,13.5,21597485
2022-10-20,14.48,14.95,14.42,14.51,13.56,17003094
2022-10-21,14.59,15.1,14.51,15.01,14.02,19499719
2022-10-24,14.82,15.05,14.65,15.05,14.06,18373294
2022-10-25,15.07,15.37,15.06,15.26,14.26,22043395
2022-10-26,15.48,15.91,15.44,15.7,14.67,18360457
2022-10-27,15.67,15.77,15.45,15.48,14.46,17918324
2022-10-28,15.32,15.44,15.19,15.31,14.3,16819365
2022-10-31,15.14,15.28,15.02,15.03,14.04,17849967
2022-11-01,15.4,15.5,15.1,15.14,14.14,24127038
2022-11-02,15.2,15.31,14.28,14.34,13.4,33435635
2022-11-03,14.27,14.27,13.01,13.1,12.24,58799018
2022-11-04,13.7,14.24,13.57,14.2,13.27,37912477
2022-11-07,14.29,14.58,14.18,14.57,13.61,22287528
2022-11-08,14.62,15.8,14.55,15.61,14.58,37409568
2022-11-09,15.54,15.81,15.26,15.35,14.34,17642136
2022-11-10,16.12,16.45,15.95,16.43,15.35,28584589
2022-11-11,16.44,16.58,16.31,16.44,15.36,17873527
2022-11-14,16.33,16.42,16.03,16.19,15.13,17817377
2022-11-15,16.37,16.45,15.78,16.0,14.95,24518960
2022-11-16,15.93,16.15,15.78,15.79,14.75,11426342
2022-11-17,15.45,15.62,15.35,15.57,14.55,15938152
2022-11-18,15.6,15.63,15.36,15.62,14.59,15773891
2022-11-21,15.51,15.52,15.13,15.35,14.34,11907429
2022-11-22,15.5,16.06,15.38,16.01,14.96,16605148
2022-11-23,15.93,16.3,15.91,16.23,15.16,14178411
2022-11-25,16.19,16.27,16.02,16.02,14.97,9338718
2022-11-28,16.05,16.09,15.5,15.5,14.48,26018947
2022-11-29,15.59,15.96,15.54,15.87,14.97,15770773
2022-11-30,16.03,16.44,15.87,16.32,15.4,25458234
2022-12-01,16.75,17.34,16.67,17.09,16.12,31207840
2022-12-02,16.78,17.14,16.58,16.98,16.02,18763740
2022-12-05,16.81,16.91,16.47,16.52,15.58,21242900
2022-12-06,16.76,16.91,16.35,16.45,15.52,17170250
2022-12-07,16.58,17.11,16.55,16.86,15.91,21147418
2022-12-08,17.03,17.09,16.76,16.8,15.85,16203399
2022-12-09,17.03,17.2,16.58,16.58,15.64,20654749
2022-12-12,16.49,16.74,16.28,16.73,15.78,19925815
2022-12-13,17.44,17.64,17.15,17.44,16.45,28304143
2022-12-14,17.42,17.6,17.12,17.39,16.41,18237254
2022-12-15,16.95,17.1,16.64,16.65,15.71,19154254
2022-12-16,16.64,17.06,16.56,16.9,15.94,19723773
2022-12-19,16.93,16.98,16.47,16.55,15.61,16413881
2022-12-20,16.85,17.41,16.82,17.28,16.3,25819897
2022-12-21,17.4,17.67,17.33,17.5,16.51,20232888
2022-12-22,17.23,17.38,16.96,17.3,16.32,16260762
2022-12-23,17.33,17.5,17.09,17.39,16.41,12800835
2022-12-27,17.46,17.93,17.43,17.77,16.76,11654114
2022-12-28,17.61,17.66,17.11,17.21,16.24,12970703
2022-12-29,17.37,17.46,17.22,17.25,16.27,8274802
2022-12-30,17.31,17.34,17.04,17.18,16.21,12821877
2023-01-03,17.54,17.95,17.45,17.83,16.82,16347356
2023-01-04,18.15,19.06,18.11,18.88,17.81,29095968
2023-01-05,18.64,18.83,18.34,18.78,17.72,17933566
2023-01-06,19.1,19.17,18.52,19.04,17.96,21703979
2023-01-09,19.22,19.37,18.96,18.97,17.9,18346736
2023-01-10,19.0,19.46,18.85,19.39,18.29,16523439
2023-01-11,19.47,19.52,18.95,19.22,18.13,14346387
2023-01-12,19.53,19.61,19.21,19.43,18.33,13816431
2023-01-13,19.44,19.82,19.43,19.64,18.53,16591428
2023-01-17,19.42,19.46,18.67,18.75,17.69,21531642
2023-01-18,18.95,19.06,18.38,18.38,17.34,15738878
2023-01-19,18.42,18.92,18.4,18.72,17.66,17352383
2023-01-20,18.61,18.98,18.52,18.97,17.9,16544765
2023-01-23,18.72,19.27,18.65,19.23,18.14,27041588
2023-01-24,19.0,19.5,18.97,19.42,18.32,19027478
2023-01-25,19.26,19.83,19.22,19.79,18.67,19501125
2023-01-26,19.68,19.73,19.4,19.69,18.57,23740613
2023-01-27,19.57,19.77,19.4,19.67,18.56,19612617
2023-01-30,19.6,19.75,19.4,19.48,18.38,14093389
2023-01-31,19.38,19.6,19.25,19.55,18.44,14899141
2023-02-01,19.47,20.16,19.37,19.95,18.82,18686202
2023-02-02,20.19,20.19,19.17,19.4,18.3,20871509
2023-02-03,18.8,18.83,18.2,18.32,17.28,25763129
2023-02-06,18.21,18.44,18.11,18.35,17.31,15431145
2023-02-07,18.35,18.69,18.19,18.5,17.45,15345588
2023-02-08,18.54,18.56,18.11,18.34,17.3,11946260
2023-02-09,18.54,18.64,17.61,17.81,16.8,17830832
2023-02-10,17.79,18.05,17.69,17.93,16.91,12472121
2023-02-13,17.74,17.98,17.71,17.93,16.91,9490558
2023-02-14,17.81,17.88,17.46,17.81,16.8,19540593
2023-02-15,17.32,17.4,16.93,17.17,16.2,32757912
2023-02-16,16.92,17.09,16.61,16.95,15.99,22997256
2023-02-17,16.65,16.79,16.44,16.74,15.79,21649335
2023-02-21,16.73,16.8,16.49,16.59,15.65,15470129
2023-02-22,16.52,16.53,16.1,16.21,15.29,20601002
2023-02-23,16.13,16.28,16.04,16.07,15.16,15735759
2023-02-24,15.93,16.01,15.8,16.0,15.09,16299490
2023-02-27,15.94,16.08,15.86,15.97,15.16,11449101
2023-02-28,15.95,16.28,15.85,16.12,15.3,21502403
2023-03-01,16.43,16.48,16.18,16.31,15.48,14867043
2023-03-02,16.19,16.4,16.12,16.38,15.55,13397920
2023-03-03,16.56,16.57,16.34,16.52,15.68,14371679
2023-03-06,16.43,16.48,16.18,16.3,15.47,11512817
2023-03-07,16.1,16.15,15.67,15.77,14.97,21944103
2023-03-08,15.79,15.96,15.58,15.62,14.83,16848316
2023-03-09,15.75,15.87,15.48,15.57,14.78,14879840
2023-03-10,15.9,16.29,15.83,15.91,15.1,22463587
2023-03-13,16.6,17.23,16.56,17.02,16.16,37190736
2023-03-14,16.99,17.13,16.85,17.07,16.2,17099786
2023-03-15,17.4,17.55,17.18,17.48,16.59,38859720
2023-03-16,17.55,17.58,17.0,17.4,16.52,22941946
2023-03-17,17.69,18.29,17.48,18.12,17.2,46055263
2023-03-20,18.26,18.49,18.1,18.24,17.32,23283703
2023-03-21,17.89,17.9,17.48,17.69,16.79,20481236
2023-03-22,17.77,18.22,17.66,18.0,17.09,17988423
2023-03-23,18.24,18.51,18.07,18.3,17.37,17623773
2023-03-24,18.44,18.67,18.26,18.52,17.58,18167591
2023-03-27,18.02,18.5,17.91,18.5,17.56,15139216
2023-03-28,18.57,18.75,18.4,18.66,17.71,15099544
2023-03-29,18.5,18.73,18.41,18.54,17.6,13706705
2023-03-30,18.62,18.72,18.39,18.6,17.66,14506176
2023-03-31,18.66,18.75,18.38,18.57,17.63,15434455
2023-04-03,18.67,19.03,18.48,18.79,17.84,15481362
2023-04-04,18.78,19.72,18.74,19.62,18.63,28821147
2023-04-05,19.85,20.05,19.46,19.68,18.68,25588361
2023-04-06,19.55,19.74,19.4,19.73,18.73,17237020
2023-04-10,19.42,19.51,19.31,19.46,18.47,12936332
2023-04-11,19.58,19.81,19.41,19.42,18.44,15836064
2023-04-12,19.81,19.88,19.5,19.63,18.63,14592817
2023-04-13,19.99,20.28,19.74,20.05,19.03,27991970
2023-04-14,19.79,19.81,19.36,19.67,18.67,16545372
2023-04-17,19.41,19.49,19.14,19.37,18.39,20141229
2023-04-18,19.44,19.73,19.39,19.42,18.44,11527287
2023-04-19,19.03,19.35,19.02,19.24,18.26,13258028
2023-04-20,19.38,19.44,19.15,19.2,18.23,13072009
2023-04-21,19.09,19.27,18.84,19.07,18.1,17072716
2023-04-24,18.99,19.13,18.81,19.07,18.1,11059918
2023-04-25,19.02,19.27,18.82,19.19,18.22,13964018
2023-04-26,19.42,19.44,18.95,18.99,18.03,11572338
2023-04-27,18.89,19.19,18.78,19.17,18.2,10196790
2023-04-28,19.1,19.18,18.84,19.04,18.07,12589841
2023-05-01,19.36,19.47,18.99,19.0,18.04,11827762
2023-05-02,18.95,19.84,18.92,19.79,18.79,23793820
2023-05-03,19.97,20.11,19.68,19.98,18.97,19105488
2023-05-04,20.16,20.75,20.08,20.43,19.39,26891886
2023-05-05,19.79,20.42,19.75,20.2,19.18,15046126
2023-05-08,20.22,20.26,19.77,19.85,18.84,12282320
2023-05-09,19.8,19.92,19.63,19.78,18.78,11662187
2023-05-10,19.83,19.85,19.53,19.77,18.77,9169266
2023-05-11,19.53,19.65,18.99,19.03,18.07,20756187
2023-05-12,18.97,19.22,18.9,19.18,18.21,9812601
2023-05-15,19.24,19.45,19.19,19.35,18.37,8510522
2023-05-16,19.25,19.29,18.66,18.76,17.81,19078547
2023-05-17,18.72,18.72,18.37,18.43,17.5,17791201
2023-05-18,18.06,18.06,17.52,17.81,16.91,22431149
2023-05-19,17.89,18.16,17.76,17.86,16.95,14579181
2023-05-22,17.85,17.96,17.78,17.79,16.89,7072084
2023-05-23,17.66,17.86,17.53,17.75,16.85,10052542
2023-05-24,17.88,17.89,17.42,17.48,16.59,9974305
2023-05-25,17.28,17.33,17.06,17.09,16.22,15912841
2023-05-26,17.38,17.42,16.88,16.99,16.13,11078618
2023-05-30,16.93,16.96,16.59,16.78,16.02,11240213
2023-05-31,16.82,17.21,16.73,16.88,16.12,14331249
2023-06-01,16.97,17.54,16.96,17.45,16.66,12634732
2023-06-02,17.36,17.44,17.12,17.31,16.53,12976790
2023-06-05,17.24,17.33,17.12,17.19,16.41,11695075
2023-06-06,17.2,17.26,16.91,17.13,16.36,14431934
2023-06-07,17.17,17.25,16.93,16.98,16.21,10996587
2023-06-08,17.17,17.23,17.04,17.15,16.38,10738439
2023-06-09,17.09,17.17,16.93,17.0,16.23,11042724
2023-06-12,16.92,16.92,16.75,16.9,16.14,10177028
2023-06-13,16.99,17.14,16.79,16.81,16.05,12100608
2023-06-14,17.02,17.05,16.69,16.78,16.02,10817956
2023-06-15,16.74,16.81,16.33,16.49,15.75,22497679
2023-06-16,16.63,16.79,16.49,16.71,15.96,21152067
2023-06-20,16.35,16.37,15.96,16.05,15.33,16954686
2023-06-21,15.99,16.29,15.86,16.13,15.4,13746424
2023-06-22,16.02,16.43,15.9,16.41,15.67,22295280
2023-06-23,16.51,16.63,16.32,16.46,15.72,19992706
2023-06-26,16.46,16.81,16.32,16.57,15.82,16119321
2023-06-27,16.58,16.7,16.25,16.66,15.91,15073943
2023-06-28,16.47,16.61,16.4,16.6,15.85,16191757
2023-06-29,16.38,16.66,16.26,16.63,15.88,14737206
2023-06-30,16.69,16.93,16.6,16.93,16.17,12256076
2023-07-03,16.98,17.2,16.9,17.09,16.32,7798508
2023-07-05,17.11,17.11,16.68,16.7,15.95,14417014
2023-07-06,16.55,16.6,16.17,16.22,15.49,17057604
2023-07-07,16.37,16.56,16.29,16.34,15.6,9658216
2023-07-10,16.27,16.55,16.24,16.53,15.78,16319611
2023-07-11,16.62,16.74,16.53,16.71,15.96,11802480
2023-07-12,16.99,17.53,16.95,17.48,16.69,19715457
2023-07-13,17.63,17.69,17.48,17.6,16.81,17776228
2023-07-14,17.53,17.7,17.34,17.35,16.57,15200178
2023-07-17,17.3,17.47,17.15,17.36,16.58,8846733
2023-07-18,17.5,17.9,17.4,17.65,16.85,14456224
2023-07-19,17.62,17.76,17.58,17.65,16.85,10516106
2023-07-20,17.6,17.61,17.26,17.28,16.5,11990137
2023-07-21,17.18,17.41,17.15,17.4,16.62,9516376
2023-07-24,17.38,17.44,17.25,17.38,16.6,7299899
2023-07-25,17.4,17.59,17.32,17.53,16.74,11324441
2023-07-26,17.5,17.51,17.08,17.25,16.47,14498631
2023-07-27,17.07,17.07,16.76,16.78,16.02,15500479
2023-07-28,16.94,17.08,16.87,16.98,16.21,11243035
2023-07-31,17.13,17.45,17.07,17.29,16.51,10578775
2023-08-01,16.97,17.1,16.83,17.03,16.26,13909683
2023-08-02,16.97,17.01,16.51,16.54,15.79,15666304
2023-08-03,16.55,16.66,16.27,16.31,15.57,17967598
2023-08-04,16.51,16.57,16.32,16.49,15.75,15886782
2023-08-07,16.46,16.59,16.37,16.5,15.76,10100663
2023-08-08,16.24,16.48,15.97,16.45,15.71,12100410
2023-08-09,16.56,16.59,16.36,16.48,15.74,11483252
2023-08-10,16.61,16.85,16.51,16.66,15.91,11986226
2023-08-11,16.59,16.91,16.56,16.91,16.15,9267254
2023-08-14,16.72,16.78,16.56,16.67,15.92,11074745
2023-08-15,16.58,16.61,15.95,16.02,15.3,18152431
2023-08-16,16.06,16.08,15.74,15.77,15.06,14079117
2023-08-17,15.83,15.88,15.5,15.66,14.95,13014270
2023-08-18,15.58,15.66,15.48,15.61,14.91,13554003
2023-08-21,15.68,15.74,15.47,15.71,15.0,12109529
2023-08-22,15.74,15.87,15.58,15.84,15.13,12760473
2023-08-23,16.0,16.32,15.96,16.11,15.38,21154740
2023-08-24,16.0,16.09,15.78,15.97,15.25,11479086
2023-08-25,15.96,16.03,15.58,15.91,15.19,16434504
2023-08-28,15.97,16.22,15.93,16.19,15.46,11017198
2023-08-29,16.15,16.45,16.11,16.34,15.6,15065715
2023-08-30,16.41,16.51,16.25,16.35,15.71,10311506
2023-08-31,16.32,16.38,16.11,16.21,15.57,7636373
2023-09-01,16.42,16.45,16.11,16.12,15.49,12044424
2023-09-05,16.01,16.15,15.85,15.92,15.3,10493708
2023-09-06,15.84,16.01,15.75,15.84,15.22,9257298
2023-09-07,15.79,15.85,15.73,15.79,15.17,8660358
2023-09-08,15.82,16.0,15.75,15.78,15.16,8266632
2023-09-11,15.97,16.09,15.87,16.07,15.44,8486199
2023-09-12,15.91,16.19,15.9,16.05,15.42,7472964
2023-09-13,16.05,16.14,15.96,16.12,15.49,9928284
2023-09-14,16.19,16.43,16.14,16.33,15.69,12856142
2023-09-15,16.4,16.69,16.38,16.64,15.99,17895088
2023-09-18,16.71,16.79,16.57,16.68,16.03,9470138
2023-09-19,16.72,16.75,16.19,16.33,15.69,14978300
2023-09-20,16.38,16.81,16.37,16.42,15.78,21466012
2023-09-21,16.1,16.22,15.96,16.03,15.4,11587811
2023-09-22,16.17,16.22,15.79,15.79,15.17,13951223
2023-09-25,15.75,15.8,15.47,15.55,14.94,13205270
2023-09-26,15.46,15.52,15.18,15.21,14.61,14763949
2023-09-27,15.13,15.16,14.51,14.64,14.07,30042499
2023-09-28,14.72,14.77,14.47,14.56,13.99,21782145
2023-09-29,14.85,14.85,14.4,14.55,13.98,16354756
2023-10-02,14.35,14.38,14.03,14.23,13.67,16560645
2023-10-03,14.24,14.48,14.16,14.19,13.63,19262718
2023-10-04,14.18,14.24,13.82,14.2,13.64,23541939
2023-10-05,14.23,14.4,14.11,14.37,13.81,16809642
2023-10-06,14.44,14.69,14.39,14.58,14.01,18825586
2023-10-09,14.88,15.02,14.78,14.85,14.27,16477728
2023-10-10,14.91,14.98,14.81,14.96,14.37,16698263
2023-10-11,15.15,15.22,15.02,15.22,14.62,15916483
2023-10-12,15.04,15.19,15.02,15.14,14.55,20656334
2023-10-13,15.58,15.85,15.42,15.74,15.12,20464553
2023-10-16,15.66,15.93,15.6,15.81,15.19,10680858
2023-10-17,15.82,16.43,15.77,16.42,15.78,18619621
2023-10-18,16.57,16.74,16.4,16.54,15.89,21635497
2023-10-19,16.47,16.63,16.27,16.61,15.96,19181708
2023-10-20,16.69,17.14,16.68,16.89,16.23,30150174
2023-10-23,16.72,16.86,16.39,16.55,15.9,19608945
2023-10-24,16.34,16.59,16.27,16.56,15.91,12439832
2023-10-25,16.52,16.87,16.51,16.58,15.93,20366260
2023-10-26,16.55,16.57,16.1,16.3,15.66,23166404
2023-10-27,16.23,16.42,15.84,16.33,15.69,25548548
2023-10-30,16.3,16.36,16.08,16.11,15.48,17416268
2023-10-31,16.08,16.27,15.86,15.98,15.35,17720934
2023-11-01,16.0,16.07,15.82,16.03,15.4,17331473
2023-11-02,16.2,16.23,15.91,16.05,15.42,22598165
2023-11-03,16.2,16.57,16.12,16.48,15.83,28433570
2023-11-06,16.33,16.53,16.23,16.29,15.65,15218060
2023-11-07,16.02,16.11,15.57,15.76,15.14,19613633
2023-11-08,15.63,15.71,15.08,15.17,14.58,14699531
2023-11-09,15.25,15.56,15.11,15.3,14.7,11114468
2023-11-10,15.16,15.23,15.01,15.22,14.62,12128662
2023-11-13,15.23,15.34,15.11,15.13,14.54,12043838
2023-11-14,15.5,15.8,15.4,15.71,15.09,15685064
2023-11-15,15.65,15.76,15.5,15.61,15.0,11303700
2023-11-16,15.71,16.09,15.69,15.88,15.26,14929250
2023-11-17,16.08,16.08,15.69,15.71,15.09,9308374
2023-11-20,15.59,15.86,15.47,15.79,15.17,9156615
2023-11-21,16.05,16.38,16.05,16.19,15.56,19230157
2023-11-22,16.22,16.3,16.08,16.24,15.6,12855932
2023-11-24,16.28,16.34,16.11,16.23,15.59,7111656
2023-11-27,16.51,16.69,16.33,16.57,15.92,18428254
2023-11-28,16.67,17.47,16.6,17.44,16.76,32256306
2023-11-29,17.31,17.5,17.23,17.39,16.8,17301044
2023-11-30,17.3,17.61,17.25,17.59,17.0,19571691
2023-12-01,17.56,17.79,17.51,17.73,17.13,23008005
2023-12-04,17.6,17.65,17.36,17.53,16.94,20875479
2023-12-05,17.41,17.52,17.23,17.42,16.83,16180465
2023-12-06,17.51,17.64,17.34,17.36,16.78,12854084
2023-12-07,17.42,17.46,17.11,17.22,16.64,14132090
2023-12-08,16.87,17.03,16.67,16.79,16.22,18257387
2023-12-11,16.6,16.71,16.43,16.67,16.11,13620650
2023-12-12,16.71,16.72,16.26,16.34,15.79,13450925
2023-12-13,16.31,17.43,16.26,17.43,16.84,21027447
2023-12-14,17.59,17.96,17.57,17.65,17.06,20143844
2023-12-15,17.58,17.65,17.41,17.51,16.92,19955283
2023-12-18,17.58,17.75,17.45,17.73,17.13,14976220
2023-12-19,17.74,18.24,17.73,18.09,17.48,17240605
2023-12-20,18.11,18.13,17.75,17.77,17.17,15083687
2023-12-21,18.09,18.17,17.89,17.97,17.36,15472589
2023-12-22,18.3,18.55,18.16,18.16,17.55,21278581
2023-12-26,18.31,18.32,18.07,18.17,17.56,6466234
2023-12-27,18.23,18.54,18.23,18.47,17.85,12680993
2023-12-28,18.36,18.42,18.08,18.09,17.48,12089362
2023-12-29,18.02,18.1,17.83,18.09,17.48,11958530
2024-01-02,18.02,18.23,17.82,17.88,17.28,13275373
2024-01-03,17.46,17.82,17.07,17.33,16.75,24485479
2024-01-04,17.38,17.47,17.05,17.35,16.77,20467249
2024-01-05,17.44,17.72,17.27,17.49,16.9,16573204
2024-01-08,17.39,17.92,17.31,17.69,17.09,18051874
2024-01-09,17.69,17.7,17.37,17.4,16.81,14814112
2024-01-10,17.44,17.52,17.2,17.34,16.76,13048899
2024-01-11,17.38,17.49,16.94,17.15,16.57,14181442
2024-01-12,17.58,17.82,17.5,17.64,17.05,16466518
2024-01-16,17.28,17.31,15.95,15.96,15.42,36002386
2024-01-17,15.62,15.68,15.42,15.56,15.04,26323913
2024-01-18,15.58,15.6,15.33,15.53,15.01,17680165
2024-01-19,15.62,15.67,15.45,15.61,15.08,14500793
2024-01-22,15.42,15.65,15.33,15.59,15.06,13851740
2024-01-23,15.78,16.07,15.72,15.99,15.45,18271102
2024-01-24,16.26,16.36,15.53,15.53,15.01,22914589
2024-01-25,15.74,15.74,15.54,15.59,15.06,17401914
2024-01-26,15.67,15.84,15.52,15.53,15.01,16142297
2024-01-29,15.69,15.74,15.46,15.7,15.17,17398889
2024-01-30,15.81,15.91,15.56,15.68,15.15,13835979
2024-01-31,15.76,16.07,15.55,15.6,15.07,25064551
2024-02-01,15.78,16.05,15.5,15.89,15.35,20311308
2024-02-02,15.49,15.52,15.2,15.41,14.89,24403041
2024-02-05,15.19,15.3,15.09,15.17,14.66,19506894
2024-02-06,15.22,15.23,15.01,15.03,14.52,20584447
2024-02-07,15.0,15.07,14.89,14.93,14.43,22404528
2024-02-08,14.91,14.97,14.73,14.82,14.32,23142987
2024-02-09,14.8,14.8,14.58,14.67,14.18,17190195
2024-02-12,14.69,14.8,14.54,14.73,14.23,19310113
2024-02-13,14.5,14.5,14.02,14.15,13.67,31242584
2024-02-14,14.27,14.32,13.76,14.06,13.59,32433085
2024-02-15,14.34,14.65,14.25,14.6,14.11,29174140
2024-02-16,14.58,14.77,14.49,14.65,14.16,19378948
2024-02-20,14.79,14.94,14.62,14.73,14.23,15448819
2024-02-21,14.73,14.77,14.5,14.75,14.25,15165532
2024-02-22,14.61,14.63,14.36,14.39,13.91,15444637
2024-02-23,14.46,14.76,14.37,14.74,14.24,20993999
2024-02-26,14.51,14.66,14.4,14.65,14.16,17181033
2024-02-27,14.68,14.71,14.51,14.51,14.02,15926147
2024-02-28,14.41,14.42,14.27,14.33,13.94,12914412
2024-02-29,14.67,14.8,14.61,14.66,14.26,19063852
2024-03-01,14.76,15.04,14.56,14.94,14.54,25523214
2024-03-04,15.14,15.52,15.05,15.46,15.04,34728692
2024-03-05,15.74,15.82,15.53,15.53,15.11,29182807
2024-03-06,15.72,16.0,15.64,15.71,15.29,27433650
2024-03-07,15.98,16.05,15.84,15.9,15.47,22814395
2024-03-08,15.97,16.1,15.75,15.76,15.33,23965527
2024-03-11,15.77,15.92,15.74,15.87,15.44,24871370
2024-03-12,15.58,15.68,15.4,15.64,15.22,19584139
2024-03-13,15.66,16.03,15.63,15.98,15.55,19908632
2024-03-14,15.84,15.87,15.59,15.76,15.33,16563155
2024-03-15,15.7,15.83,15.61,15.76,15.33,20414043
2024-03-18,15.76,15.8,15.61,15.63,15.21,12186744
2024-03-19,15.51,15.58,15.23,15.25,14.84,20044112
2024-03-20,15.21,15.79,15.19,15.68,15.26,18274686
2024-03-21,16.0,16.25,15.8,15.81,15.38,26790798
2024-03-22,15.71,15.89,15.49,15.52,15.1,21400492
2024-03-25,15.66,15.94,15.54,15.57,15.15,13644849
2024-03-26,15.75,15.8,15.52,15.52,15.1,16446396
2024-03-27,15.62,16.21,15.61,16.21,15.77,28034302
2024-03-28,16.45,16.7,16.26,16.64,16.19,29336000
2024-04-01,17.01,17.06,16.68,16.86,16.41,29111552
2024-04-02,16.95,17.21,16.81,17.18,16.72,34453335
2024-04-03,17.13,17.49,17.09,17.42,16.95,27933719
2024-04-04,17.37,17.53,17.24,17.39,16.92,29366704
2024-04-05,17.34,18.01,17.3,17.86,17.38,35468821
2024-04-08,18.02,18.12,17.48,17.7,17.22,27550518
2024-04-09,18.13,18.32,17.94,18.01,17.52,29525797
2024-04-10,17.63,18.0,17.51,17.9,17.42,31317118
2024-04-11,18.01,18.12,17.66,18.04,17.55,27309025
2024-04-12,18.42,18.95,17.72,17.86,17.38,49939193
2024-04-15,17.83,17.84,17.11,17.37,16.9,32856561
2024-04-16,16.79,16.81,16.1,16.48,16.04,49673575
2024-04-17,16.54,16.86,16.46,16.7,16.25,24800076
2024-04-18,16.87,17.03,16.68,16.98,16.52,18615988
2024-04-19,16.86,17.24,16.82,17.1,16.64,25611702
2024-04-22,16.37,16.75,16.3,16.42,15.98,26867967
2024-04-23,16.28,16.79,16.26,16.69,16.24,26739351
2024-04-24,16.47,16.59,16.36,16.52,16.07,25854364
2024-04-25,16.54,17.24,16.43,17.08,16.62,42772948
2024-04-26,17.2,17.26,16.92,17.09,16.63,19814196
2024-04-29,17.2,17.45,16.93,17.32,16.85,19205271
2024-04-30,16.88,17.07,16.6,16.64,16.19,30865104
2024-05-01,16.82,16.89,16.22,16.36,15.92,35341896
2024-05-02,16.29,16.69,16.17,16.55,16.1,19121025
2024-05-03,16.63,16.63,16.33,16.46,16.02,16806390
2024-05-06,16.78,16.86,16.61,16.67,16.22,13667687
2024-05-07,16.61,16.76,16.53,16.74,16.29,12734659
2024-05-08,16.55,16.88,16.55,16.72,16.27,12209729
2024-05-09,16.8,17.14,16.8,17.03,16.57,18765878
2024-05-10,17.3,17.32,16.92,16.93,16.47,16539691
2024-05-13,16.92,17.14,16.8,16.94,16.48,12691000
2024-05-14,17.03,17.15,16.96,17.15,16.69,12980202
2024-05-15,17.34,17.57,17.04,17.42,16.95,19914834
2024-05-16,17.39,17.61,17.27,17.52,17.05,16293033
2024-05-17,17.8,17.89,17.64,17.89,17.41,21079176
2024-05-20,17.98,18.1,17.75,17.92,17.44,18065196
2024-05-21,17.85,17.93,17.7,17.8,17.32,14213267
2024-05-22,17.6,17.7,17.22,17.29,16.82,21070461
2024-05-23,17.2,17.39,16.91,16.94,16.48,25362829
2024-05-24,17.08,17.18,17.01,17.02,16.56,13893145
2024-05-28,17.24,17.47,17.06,17.44,16.97,21446231
2024-05-29,17.24,17.38,16.91,16.92,16.46,12268763
2024-05-30,16.96,17.21,16.96,17.11,16.65,12306381
2024-05-31,17.13,17.26,16.97,17.09,16.73,20415374
2024-06-03,17.15,17.53,17.07,17.42,17.05,18659680
2024-06-04,17.09,17.09,16.36,16.49,16.14,32330570
2024-06-05,16.52,16.74,16.39,16.7,16.34,15604454
2024-06-06,16.66,17.37,16.51,17.32,16.95,23544677
2024-06-07,16.82,16.83,16.12,16.15,15.81,36198510
2024-06-10,16.25,16.46,16.12,16.45,16.1,21491221
2024-06-11,16.28,16.28,16.0,16.18,15.84,17068549
2024-06-12,16.45,16.56,16.21,16.4,16.05,25432662
2024-06-13,16.29,16.51,15.92,16.07,15.73,21657690
2024-06-14,16.2,16.2,15.92,16.03,15.69,19395904
2024-06-17,16.0,16.18,15.97,16.14,15.8,19873485
2024-06-18,16.09,16.5,16.07,16.41,16.06,19403878
2024-06-20,16.5,17.15,16.44,16.96,16.6,31193859
2024-06-21,16.98,16.98,16.45,16.56,16.21,35931251
2024-06-24,16.68,16.81,16.58,16.72,16.36,14610713
2024-06-25,16.61,16.79,16.51,16.59,16.24,14947306
2024-06-26,16.34,16.84,16.33,16.8,16.44,16932311
2024-06-27,16.98,17.02,16.83,16.84,16.48,14788928
2024-06-28,16.99,17.01,16.58,16.68,16.33,13271649
2024-07-01,16.76,16.85,16.54,16.56,16.21,9192403
2024-07-02,16.56,16.7,16.41,16.62,16.27,11803537
2024-07-03,16.85,17.36,16.84,17.3,16.93,18999838
2024-07-05,17.56,17.78,17.42,17.44,17.07,23258029
2024-07-08,17.25,17.46,17.11,17.38,17.01,18310423
2024-07-09,17.35,17.55,17.26,17.44,17.07,16398548
2024-07-10,17.67,17.87,17.64,17.78,17.4,19908412
2024-07-11,18.05,18.18,17.86,18.13,17.74,31513629
2024-07-12,17.83,18.57,17.81,18.52,18.13,23046260
2024-07-15,18.48,18.63,18.31,18.36,17.97,24223263
2024-07-16,18.44,19.28,18.33,19.25,18.84,36904910
2024-07-17,19.35,19.45,18.85,18.88,18.48,30477242
2024-07-18,19.01,19.01,18.44,18.54,18.15,17949622
2024-07-19,18.0,18.49,17.95,18.39,18.0,24950014
2024-07-22,18.29,18.46,18.23,18.36,17.97,14874559
2024-07-23,18.4,18.67,18.24,18.57,18.18,18302750
2024-07-24,18.7,19.03,18.45,18.46,18.07,22059679
2024-07-25,17.92,18.03,17.7,17.72,17.34,22355260
2024-07-26,17.85,17.95,17.73,17.79,17.41,21083235
2024-07-29,17.88,17.99,17.67,17.97,17.59,12626903
2024-07-30,18.08,18.2,17.91,18.14,17.75,13367452
2024-07-31,18.36,18.59,18.31,18.51,18.12,16907242
2024-08-01,18.5,18.77,18.0,18.24,17.85,20575598
2024-08-02,18.49,18.68,17.51,17.91,17.53,28169024
2024-08-05,16.39,17.34,16.09,17.18,16.81,25566592
2024-08-06,17.27,17.61,17.09,17.39,17.02,27465923
2024-08-07,17.59,17.63,16.75,16.81,16.45,25837267
2024-08-08,16.95,17.38,16.85,17.34,16.97,19680446
2024-08-09,17.46,17.46,17.18,17.41,17.04,13860153
2024-08-12,17.84,19.07,17.81,18.99,18.59,34917833
2024-08-13,18.94,19.32,18.83,19.13,18.72,20639732
2024-08-14,19.09,19.17,18.76,19.16,18.75,25552693
2024-08-15,19.16,19.28,18.74,19.05,18.65,18855510
2024-08-16,19.27,19.77,19.24,19.71,19.29,26384292
2024-08-19,19.71,20.3,19.69,20.21,19.78,24318267
2024-08-20,20.64,20.89,20.32,20.41,19.98,23658027
2024-08-21,20.43,20.71,20.3,20.62,20.18,20439184
2024-08-22,20.32,20.41,20.01,20.24,19.81,18782406
2024-08-23,20.46,20.64,20.27,20.5,20.06,18399167
2024-08-26,20.7,20.73,20.4,20.47,20.03,15296009
2024-08-27,20.06,20.45,19.94,20.45,20.02,15493727
2024-08-28,20.11,20.18,19.77,19.95,19.53,19664475
2024-08-29,20.1,20.48,20.03,20.32,19.89,15136767
2024-08-30,20.15,20.32,19.97,20.19,19.86,14059414
2024-09-03,19.85,19.92,19.39,19.6,19.28,15600405
2024-09-04,19.39,19.56,19.23,19.32,19.0,16748627
2024-09-05,19.75,19.95,19.43,19.46,19.14,15375999
2024-09-06,19.41,19.61,18.94,19.0,18.69,14853301
2024-09-09,19.1,19.32,19.06,19.28,18.96,15954097
2024-09-10,19.37,19.62,19.3,19.6,19.28,15650391
2024-09-11,19.55,19.79,19.33,19.76,19.44,14482592
2024-09-12,20.24,20.74,20.16,20.58,20.24,23208984
2024-09-13,20.84,21.13,20.77,20.84,20.5,16558020
2024-09-16,20.81,20.85,20.41,20.52,20.18,15198683
2024-09-17,20.27,20.6,20.23,20.48,20.14,12503623
2024-09-18,20.6,20.95,20.05,20.06,19.73,24883972
2024-09-19,20.57,20.64,20.07,20.23,19.9,17423802
2024-09-20,20.5,20.57,20.19,20.38,20.05,23212933
2024-09-23,20.45,20.67,20.1,20.21,19.88,21014454
2024-09-24,20.35,20.58,20.12,20.43,20.09,23793757
2024-09-25,20.44,20.76,20.41,20.7,20.36,22900359
2024-09-26,20.85,21.21,20.71,21.01,20.66,28649974
2024-09-27,20.75,20.96,20.2,20.23,19.9,19728392
2024-09-30,19.81,20.17,19.67,19.89,19.56,18785918
2024-10-01,20.17,20.52,20.05,20.3,19.97,21676451
2024-10-02,20.33,20.56,20.1,20.18,19.85,15378036
2024-10-03,19.93,20.0,19.68,19.85,19.52,17809680
2024-10-04,19.78,20.2,19.7,20.11,19.78,20038452
2024-10-07,19.96,19.98,19.76,19.88,19.55,12705325
2024-10-08,19.78,19.91,19.51,19.66,19.34,18790854
2024-10-09,19.52,19.69,19.3,19.66,19.34,15813712
2024-10-10,19.73,20.1,19.6,20.07,19.74,17777033
2024-10-11,20.21,20.34,19.92,19.99,19.66,15201984
2024-10-14,19.88,20.11,19.77,19.98,19.65,8026646
2024-10-15,19.97,20.23,19.91,20.21,19.88,13371043
2024-10-16,20.26,20.58,19.7,19.94,19.61,23150720
2024-10-17,20.21,20.48,20.09,20.34,20.01,15715042
2024-10-18,20.51,21.14,20.45,20.92,20.58,22610902
2024-10-21,21.13,21.35,20.83,20.86,20.52,20233503
2024-10-22,21.1,21.25,21.01,21.19,20.84,19833005
2024-10-23,20.86,21.19,20.6,20.8,20.46,22023689
2024-10-24,20.95,21.01,19.93,20.32,19.99,30715736
2024-10-25,19.98,20.01,19.46,19.61,19.29,30911972
2024-10-28,19.53,19.99,19.49,19.98,19.65,17392050
2024-10-29,20.09,20.32,20.0,20.28,19.95,21333787
2024-10-30,20.05,20.12,19.72,20.05,19.72,27305595
2024-10-31,19.62,19.7,19.16,19.32,19.0,26654339
2024-11-01,19.35,19.54,19.04,19.05,18.74,18207038
2024-11-04,19.14,19.21,18.81,18.9,18.59,17086823
2024-11-05,19.05,19.09,18.77,18.88,18.57,14611414
2024-11-06,17.9,18.49,17.71,18.43,18.13,27157736
2024-11-07,18.18,18.54,17.86,18.48,18.18,33275511
2024-11-08,18.29,18.42,18.13,18.4,18.1,27997677
2024-11-11,17.5,17.73,17.3,17.4,17.11,35712615
2024-11-12,17.19,17.28,16.83,17.02,16.74,35734015
2024-11-13,17.24,17.28,16.74,16.79,16.51,24212938
2024-11-14,16.71,17.05,16.61,16.85,16.57,31983248
2024-11-15,16.87,16.91,16.59,16.65,16.38,19671383
2024-11-18,17.09,17.22,16.97,17.2,16.92,31109372
2024-11-19,17.41,17.76,17.34,17.72,17.43,30019077
2024-11-20,17.71,18.01,17.64,17.89,17.6,26311234
2024-11-21,18.09,18.18,17.83,18.12,17.82,25000274
2024-11-22,18.21,18.28,18.01,18.22,17.92,21787106
2024-11-25,17.57,17.74,17.37,17.68,17.39,24935370
2024-11-26,17.52,17.7,17.36,17.56,17.27,27768366
2024-11-27,17.63,17.75,17.5,17.57,17.28,21836268
2024-11-29,17.64,17.67,17.45,17.49,17.3,10448685
2024-12-02,17.37,17.46,17.17,17.21,17.02,19835218
2024-12-03,17.35,17.74,17.35,17.61,17.42,19190406
2024-12-04,17.5,17.64,17.37,17.37,17.18,18496886
2024-12-05,17.37,17.55,16.81,16.95,16.77,29851094
2024-12-06,16.87,16.95,16.63,16.77,16.59,20821104
2024-12-09,17.06,17.45,17.05,17.08,16.9,19111944
2024-12-10,17.28,17.35,17.12,17.14,16.95,16378043
2024-12-11,17.18,17.67,17.11,17.63,17.44,15887669
2024-12-12,17.28,17.49,17.15,17.17,16.98,12344420
2024-12-13,16.97,17.06,16.73,16.78,16.6,13364270
2024-12-16,16.66,16.7,16.3,16.35,16.17,19496369
2024-12-17,16.16,16.33,16.11,16.24,16.06,17027099
2024-12-18,16.09,16.18,15.45,15.51,15.34,25106587
2024-12-19,15.54,15.67,15.11,15.23,15.07,24976775
2024-12-20,15.3,15.64,15.16,15.46,15.29,27211144
2024-12-23,15.33,15.61,15.31,15.59,15.42,15753499
2024-12-24,15.6,15.71,15.5,15.71,15.54,9982071
2024-12-26,15.71,15.83,15.64,15.74,15.57,9681092
2024-12-27,15.56,15.77,15.46,15.68,15.51,13640353
2024-12-30,15.5,15.55,15.31,15.46,15.29,17032630
2024-12-31,15.39,15.54,15.37,15.5,15.33,13717941
2025-01-02,15.76,16.06,15.74,15.97,15.8,12594345
2025-01-03,15.9,15.99,15.84,15.84,15.67,11349223
2025-01-06,15.88,15.94,15.5,15.5,15.33,13382543
2025-01-07,15.64,15.92,15.48,15.57,15.4,19091102
2025-01-08,15.6,15.89,15.54,15.84,15.67,23670706
2025-01-10,16.09,16.24,15.68,15.72,15.55,19668068
2025-01-13,15.41,15.57,15.31,15.45,15.28,15950748
2025-01-14,15.35,15.7,15.31,15.58,15.41,17325222
2025-01-15,15.8,15.94,15.62,15.84,15.67,15353913
2025-01-16,15.92,15.96,15.71,15.75,15.58,14346106
2025-01-17,15.73,16.41,15.58,16.0,15.83,15380407
2025-01-21,15.95,16.22,15.87,15.98,15.81,17582512
2025-01-22,16.1,16.13,15.73,15.77,15.6,18224427
2025-01-23,15.6,15.93,15.47,15.82,15.65,27101232
2025-01-24,16.07,16.56,15.95,16.13,15.96,22369445
2025-01-27,15.87,16.09,15.71,16.07,15.9,28150379
2025-01-28,16.06,16.24,15.91,15.96,15.79,16978771
2025-01-29,15.88,16.13,15.7,15.96,15.79,20227240
2025-01-30,16.24,16.82,16.2,16.57,16.39,28856595
2025-01-31,16.77,16.86,16.34,16.37,16.19,25844643
2025-02-03,16.42,16.71,16.33,16.56,16.38,15212430
2025-02-04,16.6,16.81,16.46,16.68,16.5,19162091
2025-02-05,16.85,17.24,16.85,17.15,16.96,32320765
2025-02-06,17.14,17.23,17.04,17.18,16.99,19593068
2025-02-07,17.34,17.49,16.92,17.04,16.86,28469826
2025-02-10,17.51,17.67,17.31,17.44,17.25,25567727
2025-02-11,17.34,17.37,17.06,17.07,16.89,26961232
2025-02-12,17.34,18.5,17.23,18.17,17.97,40633537
2025-02-13,18.22,18.53,18.04,18.44,18.24,34918852
2025-02-14,18.49,18.52,17.92,17.94,17.75,29073003
2025-02-18,18.33,18.42,18.06,18.36,18.16,25415325
2025-02-19,18.29,19.05,18.14,18.78,18.58,39808097
2025-02-20,18.85,19.16,18.75,18.82,18.62,25507062
2025-02-21,18.69,18.77,18.27,18.3,18.1,29781871
2025-02-24,18.47,18.49,18.11,18.27,18.07,23467891
2025-02-25,18.15,18.21,17.73,18.07,17.87,29557348
2025-02-26,17.99,18.54,17.91,18.45,18.25,32153965
2025-02-27,18.15,18.19,17.77,17.79,17.6,28898861
2025-02-28,17.36,17.77,17.28,17.75,17.66,35394835
2025-03-03,18.04,18.18,17.6,17.69,17.6,22339095
2025-03-04,18.0,18.03,17.48,17.73,17.64,24962605
2025-03-05,17.98,18.48,17.87,18.46,18.36,23787278
2025-03-06,18.33,18.78,18.26,18.46,18.36,22062069
2025-03-07,18.37,18.88,18.3,18.6,18.5,25565746
2025-03-10,18.5,18.68,18.06,18.2,18.1,26322179
2025-03-11,18.39,18.68,18.22,18.45,18.35,20367533
2025-03-12,18.39,18.5,18.13,18.34,18.24,19500254
2025-03-13,18.49,19.08,18.42,18.73,18.63,30317991
2025-03-14,19.02,19.07,18.76,18.78,18.68,22185282
2025-03-17,18.89,19.25,18.89,19.18,19.08,19224630
2025-03-18,19.63,19.74,19.3,19.33,19.23,28703887
2025-03-19,19.36,19.47,19.2,19.39,19.29,21637299
2025-03-20,19.19,19.42,19.1,19.28,19.18,11141688
2025-03-21,19.01,19.13,18.73,18.87,18.77,25016602
2025-03-24,18.93,19.07,18.87,18.89,18.79,14750692
2025-03-25,19.11,19.44,19.1,19.35,19.25,19124616
2025-03-26,19.43,19.54,19.21,19.31,19.21,14958392
2025-03-27,19.47,19.62,19.35,19.56,19.46,15567435
2025-03-28,19.75,19.89,19.08,19.14,19.04,23714079
2025-03-31,19.4,19.5,18.77,19.44,19.34,27744663
2025-04-01,19.5,19.75,19.32,19.66,19.56,25220220
2025-04-02,19.71,19.74,19.17,19.41,19.31,19210943
2025-04-03,18.36,19.76,18.32,19.38,19.28,37346491
2025-04-04,18.81,18.98,17.61,17.67,17.58,37354128
2025-04-07,17.15,18.55,17.0,17.64,17.55,30450430
2025-04-08,18.25,18.38,17.35,17.52,17.43,27258212
2025-04-09,18.16,18.93,17.95,18.8,18.7,41270090
2025-04-10,18.95,19.53,18.81,19.24,19.14,30895203
2025-04-11,20.11,20.85,20.0,20.59,20.48,41834179
2025-04-14,20.35,20.75,19.84,20.41,20.3,25585509
2025-04-15,20.61,20.68,20.28,20.32,20.21,20283345
2025-04-16,20.98,21.11,20.41,20.65,20.54,28268669
2025-04-17,20.42,20.52,20.01,20.17,20.06,19887484
2025-04-21,20.9,20.94,20.22,20.45,20.34,22367433
2025-04-22,20.76,20.83,19.88,19.97,19.87,32353020
2025-04-23,19.01,19.21,18.79,19.06,18.96,37521648
2025-04-24,19.3,19.42,18.98,19.41,19.31,20656919
2025-04-25,18.88,19.16,18.77,19.05,18.95,17057503
2025-04-28,18.96,19.31,18.9,19.3,19.2,16495558
2025-04-29,19.09,19.25,18.86,18.9,18.8,15790625
2025-04-30,18.75,19.08,18.75,19.04,18.94,14034510
2025-05-01,18.54,18.63,18.28,18.37,18.27,19966902
2025-05-02,18.64,18.67,18.13,18.41,18.31,19715829
2025-05-05,18.87,18.88,18.44,18.64,18.54,21127936
2025-05-06,19.03,19.28,18.88,19.23,19.13,27327396
2025-05-07,18.75,19.59,18.64,19.4,19.3,32362144
2025-05-08,19.31,19.41,18.86,18.86,18.76,21284071
2025-05-09,19.04,19.47,18.88,19.46,19.36,10664186
2025-05-12,18.63,18.71,18.09,18.23,18.13,21013753
2025-05-13,18.32,18.32,17.98,18.16,18.06,14911517
2025-05-14,17.82,17.82,17.48,17.63,17.54,21020101
2025-05-15,17.82,17.98,17.65,17.95,17.86,26560308
2025-05-16,17.41,17.89,17.41,17.83,17.74,16196207
2025-05-19,18.06,18.21,17.95,18.2,18.1,10833529
2025-05-20,18.23,18.7,18.2,18.67,18.57,13780083
2025-05-21,18.76,18.98,18.73,18.82,18.72,15024524
2025-05-22,18.75,18.81,18.41,18.67,18.57,14365236
2025-05-23,18.99,19.14,18.81,19.07,18.97,11909671
2025-05-27,18.64,19.05,18.58,18.9,18.8,11570760
2025-05-28,19.02,19.11,18.82,19.02,18.92,10970766
2025-05-29,19.05,19.16,18.86,19.0,18.9,9072549
2025-05-30,18.87,19.2,18.83,19.16,19.16,16892167
2025-06-02,19.44,20.35,19.43,20.32,20.32,27231092
2025-06-03,20.08,20.19,19.88,20.09,20.09,17607552
2025-06-04,20.22,20.3,20.09,20.14,20.14,10699184
2025-06-05,20.42,20.75,19.91,20.03,20.03,15538280
2025-06-06,19.99,20.04,19.57,19.82,19.82,18793171
2025-06-09,19.86,20.37,19.8,20.31,20.31,18650682
2025-06-10,20.43,20.46,19.94,20.04,20.04,12444275
2025-06-11,20.08,20.26,20.01,20.24,20.24,11106750
2025-06-12,20.49,21.06,20.36,20.93,20.93,24651051
2025-06-13,21.16,21.63,20.95,21.59,21.59,30581759
2025-06-16,21.37,21.7,21.3,21.41,21.41,33734750
2025-06-17,21.5,21.56,21.07,21.35,21.35,15989340
2025-06-18,21.31,21.34,21.01,21.13,21.13,13609890
2025-06-20,20.89,21.41,20.8,20.94,20.94,16376982
2025-06-23,20.94,21.45,20.94,21.18,21.18,11463128
2025-06-24,20.54,20.89,20.45,20.68,20.68,15233207
2025-06-25,20.59,21.1,20.59,20.87,20.87,12236074
2025-06-26,20.92,21.22,20.92,21.2,21.2,12116923
2025-06-27,20.67,20.9,20.35,20.46,20.46,12872907
2025-06-30,20.48,20.83,20.39,20.82,20.82,8116474
2025-07-01,21.16,21.26,20.81,20.85,20.85,8458739
2025-07-02,21.02,21.31,20.88,21.22,21.22,9773993
2025-07-03,21.01,21.53,21.01,21.46,21.46,7362036
2025-07-07,21.15,21.68,20.97,21.6,21.6,9909025
2025-07-08,21.49,21.54,20.55,20.73,20.73,13254003
2025-07-09,20.74,20.98,20.57,20.9,20.9,9411739
2025-07-10,20.97,21.07,20.78,21.07,21.07,7442692
